dataset,agp,α,t,test acc,seed,L,rmax(εの逆数),train propagation time,train clock time,full clock time,full propagation time,lr,dropout,hidden,batch,layer,Train cost,log file
reddit, appnp_agp, 0.1, x(4), 95.60, 1, 20, 1e-07, 52.5014, 468.911, 93.2581, 832.624, 0.0001, 0.3, 2048, 10000, 4, 11.55, run_reddit_seed.sh.551788.out, 
reddit, appnp_agp, 0.1, x(4), 95.69, 2, 20, 1e-07, 52.1774, 464.417, 92.4533, 822.779, 0.0001, 0.3, 2048, 10000, 4, 20.22, run_reddit_seed.sh.551788.out, 
reddit, appnp_agp, 0.1, x(4), 95.60, 3, 20, 1e-07, 47.1097, 418.976, 92.4049, 823.372, 0.0001, 0.3, 2048, 10000, 4, 12.47, run_reddit_seed.sh.551788.out, 
reddit, appnp_agp, 0.1, x(4), 95.68, 4, 20, 1e-07, 53.3, 475.344, 92.9861, 829.409, 0.0001, 0.3, 2048, 10000, 4, 16.85, run_reddit_seed.sh.551788.out, 
reddit, appnp_agp, 0.3, x(4), 93.52, 1, 20, 1e-07, 26.0044, 231.885, 46.458, 414.341, 0.0001, 0.3, 2048, 10000, 4, 18.22, run_reddit_seed.sh.551788.out, 
reddit, appnp_agp, 0.3, x(4), 93.58, 2, 20, 1e-07, 27.7065, 246.692, 46.1336, 411.88, 0.0001, 0.3, 2048, 10000, 4, 15.89, run_reddit_seed.sh.551788.out, 
reddit, appnp_agp, 0.3, x(4), 93.58, 3, 20, 1e-07, 27.5833, 246.309, 46.7499, 414.795, 0.0001, 0.3, 2048, 10000, 4, 16.84, run_reddit_seed.sh.551788.out, 
reddit, appnp_agp, 0.3, x(4), 93.38, 4, 20, 1e-07, 27.8088, 247.679, 46.7637, 418.314, 0.0001, 0.3, 2048, 10000, 4, 11.70, run_reddit_seed.sh.551788.out, 
reddit, appnp_agp, 0.5, x(4), 89.95, 1, 20, 1e-07, 18.4146, 164.662, 30.4247, 271.944, 0.0001, 0.3, 2048, 10000, 4, 16.78, run_reddit_seed.sh.551788.out, 
reddit, appnp_agp, 0.5, x(4), 90.07, 2, 20, 1e-07, 18.4156, 164.228, 30.7909, 274.635, 0.0001, 0.3, 2048, 10000, 4, 20.91, run_reddit_seed.sh.551788.out, 
reddit, appnp_agp, 0.5, x(4), 89.93, 3, 20, 1e-07, 17.8677, 159.812, 30.6143, 273.007, 0.0001, 0.3, 2048, 10000, 4, 18.18, run_reddit_seed.sh.551788.out, 
reddit, appnp_agp, 0.5, x(4), 89.90, 4, 20, 1e-07, 17.7732, 158.547, 30.4555, 271.478, 0.0001, 0.3, 2048, 10000, 4, 22.80, run_reddit_seed.sh.551788.out, 
reddit, appnp_agp, 0.7, x(4), 84.77, 1, 20, 1e-07, 13.2702, 118.46, 22.2865, 198.94, 0.0001, 0.3, 2048, 10000, 4, 18.30, run_reddit_seed.sh.551788.out, 
reddit, appnp_agp, 0.7, x(4), 85.00, 2, 20, 1e-07, 13.1376, 117.218, 22.2516, 198.716, 0.0001, 0.3, 2048, 10000, 4, 17.65, run_reddit_seed.sh.551788.out, 
reddit, appnp_agp, 0.7, x(4), 84.78, 3, 20, 1e-07, 13.4952, 120.217, 22.3551, 199.922, 0.0001, 0.3, 2048, 10000, 4, 17.55, run_reddit_seed.sh.551788.out, 
reddit, appnp_agp, 0.7, x(4), 84.84, 4, 20, 1e-07, 13.2448, 118.117, 22.2771, 198.279, 0.0001, 0.3, 2048, 10000, 4, 15.93, run_reddit_seed.sh.551788.out, 
reddit, appnp_agp, 0.9, x(4), 78.94, 1, 20, 1e-07, 10.2783, 91.3974, 16.1518, 144.012, 0.0001, 0.3, 2048, 10000, 4, 20.80, run_reddit_seed.sh.551788.out, 
reddit, appnp_agp, 0.9, x(4), 78.98, 2, 20, 1e-07, 9.87558, 88.1989, 16.0364, 143.28, 0.0001, 0.3, 2048, 10000, 4, 19.31, run_reddit_seed.sh.551788.out, 
reddit, appnp_agp, 0.9, x(4), 78.88, 3, 20, 1e-07, 10.0825, 89.8012, 16.0828, 143.683, 0.0001, 0.3, 2048, 10000, 4, 20.75, run_reddit_seed.sh.551788.out, 
reddit, appnp_agp, 0.9, x(4), 78.97, 4, 20, 1e-07, 10.0209, 89.3109, 16.1052, 143.686, 0.0001, 0.3, 2048, 10000, 4, 20.91, run_reddit_seed.sh.551788.out, 
reddit, gdc_agp, x(0.2), 0.5, 86.96, 1, 20, 1e-07, 6.55108, 58.3577, 12.123, 108.143, 0.0001, 0.3, 2048, 10000, 4, 20.58, run_reddit_seed_gdc.sh.551790.out, 
reddit, gdc_agp, x(0.2), 0.5, 86.94, 2, 20, 1e-07, 6.49311, 57.7808, 12.0921, 107.61, 0.0001, 0.3, 2048, 10000, 4, 48.68, run_reddit_seed_gdc.sh.551790.out, 
reddit, gdc_agp, x(0.2), 0.5, 86.79, 3, 20, 1e-07, 6.58359, 58.6984, 11.9781, 106.561, 0.0001, 0.3, 2048, 10000, 4, 20.14, run_reddit_seed_gdc.sh.551790.out, 
reddit, gdc_agp, x(0.2), 0.5, 86.91, 4, 20, 1e-07, 6.71643, 58.8893, 12.1385, 107.729, 0.0001, 0.3, 2048, 10000, 4, 39.79, run_reddit_seed_gdc.sh.551790.out, 
reddit, gdc_agp, x(0.2), 1.0, 92.69, 1, 20, 1e-07, 9.13289, 81.3583, 16.6201, 148.616, 0.0001, 0.3, 2048, 10000, 4, 16.77, run_reddit_seed_gdc.sh.551790.out, 
reddit, gdc_agp, x(0.2), 1.0, 92.68, 2, 20, 1e-07, 8.72906, 77.6656, 16.5617, 147.774, 0.0001, 0.3, 2048, 10000, 4, 44.12, run_reddit_seed_gdc.sh.551790.out, 
reddit, gdc_agp, x(0.2), 1.0, 92.60, 3, 20, 1e-07, 9.21439, 81.9301, 16.6505, 148.761, 0.0001, 0.3, 2048, 10000, 4, 15.19, run_reddit_seed_gdc.sh.551790.out, 
reddit, gdc_agp, x(0.2), 1.0, 92.66, 4, 20, 1e-07, 9.08637, 81.1545, 16.681, 148.324, 0.0001, 0.3, 2048, 10000, 4, 40.38, run_reddit_seed_gdc.sh.551790.out, 
reddit, gdc_agp, x(0.2), 2.0, 95.60, 1, 20, 1e-07, 13.7117, 122.493, 25.0556, 223.693, 0.0001, 0.3, 2048, 10000, 4, 18.51, run_reddit_seed_gdc.sh.551790.out, 
reddit, gdc_agp, x(0.2), 2.0, 95.59, 2, 20, 1e-07, 13.7279, 122.645, 25.0559, 223.968, 0.0001, 0.3, 2048, 10000, 4, 14.98, run_reddit_seed_gdc.sh.551790.out, 
reddit, gdc_agp, x(0.2), 2.0, 95.65, 3, 20, 1e-07, 13.4847, 120.456, 25.3509, 225.816, 0.0001, 0.3, 2048, 10000, 4, 42.48, run_reddit_seed_gdc.sh.551790.out, 
reddit, gdc_agp, x(0.2), 2.0, 95.55, 4, 20, 1e-07, 13.3872, 119.225, 25.0764, 223.049, 0.0001, 0.3, 2048, 10000, 4, 14.12, run_reddit_seed_gdc.sh.551790.out, 
reddit, gdc_agp, x(0.2), 4.0, 95.73, 1, 20, 1e-07, 22.0344, 196.462, 41.8851, 374.558, 0.0001, 0.3, 2048, 10000, 4, 37.17, run_reddit_seed_gdc.sh.551790.out, 
reddit, gdc_agp, x(0.2), 4.0, 95.76, 2, 20, 1e-07, 22.387, 199.883, 42.1334, 375.303, 0.0001, 0.3, 2048, 10000, 4, 17.87, run_reddit_seed_gdc.sh.551790.out, 
reddit, gdc_agp, x(0.2), 4.0, 95.77, 3, 20, 1e-07, 22.188, 198.034, 41.79, 372.999, 0.0001, 0.3, 2048, 10000, 4, 42.43, run_reddit_seed_gdc.sh.551790.out, 
reddit, gdc_agp, x(0.2), 4.0, 95.80, 4, 20, 1e-07, 21.7679, 193.213, 42.1043, 374.671, 0.0001, 0.3, 2048, 10000, 4, 23.81, run_reddit_seed_gdc.sh.551790.out, 
reddit, gdc_agp, x(0.2), 8.0, 94.77, 1, 20, 1e-07, 38.8071, 347.087, 72.0546, 643.938, 0.0001, 0.3, 2048, 10000, 4, 51.01, run_reddit_seed_gdc.sh.551790.out, 
reddit, gdc_agp, x(0.2), 8.0, 94.71, 2, 20, 1e-07, 38.4201, 343.13, 71.7406, 640.161, 0.0001, 0.3, 2048, 10000, 4, 58.60, run_reddit_seed_gdc.sh.551790.out, 
reddit, gdc_agp, x(0.2), 8.0, 94.72, 3, 20, 1e-07, 38.645, 344.76, 71.3942, 638.439, 0.0001, 0.3, 2048, 10000, 4, 48.72, run_reddit_seed_gdc.sh.551790.out, 
reddit, gdc_agp, x(0.2), 8.0, 94.72, 4, 20, 1e-07, 38.0699, 339.603, 71.953, 642.103, 0.0001, 0.3, 2048, 10000, 4, 26.48, run_reddit_seed_gdc.sh.551790.out, 
yelp, appnp_agp, 0.1, x(4), 60.58, 1, 20, 1e-08, 63.2996, 564.98, 95.0415, 849.201, 0.01, 0.1, 2048, 30000, 4, 11.70, run_yelp_seed.sh.551769.out, 
yelp, appnp_agp, 0.1, x(4), 60.53, 2, 20, 1e-08, 62.3701, 555.133, 96.2466, 858.882, 0.01, 0.1, 2048, 30000, 4, 14.02, run_yelp_seed.sh.551769.out, 
yelp, appnp_agp, 0.1, x(4), 60.59, 3, 20, 1e-08, 63.2738, 564.831, 95.0892, 847.821, 0.01, 0.1, 2048, 30000, 4, 15.01, run_yelp_seed.sh.551769.out, 
yelp, appnp_agp, 0.1, x(4), 60.55, 4, 20, 1e-08, 62.8799, 560.776, 93.0453, 827.55, 0.01, 0.1, 2048, 30000, 4, 13.77, run_yelp_seed.sh.551769.out, 
yelp, appnp_agp, 0.3, x(4), 62.86, 1, 20, 1e-08, 37.2941, 333.186, 54.913, 490.424, 0.01, 0.1, 2048, 30000, 4, 12.33, run_yelp_seed.sh.551769.out, 
yelp, appnp_agp, 0.3, x(4), 62.82, 2, 20, 1e-08, 37.2013, 332.037, 54.1136, 483.402, 0.01, 0.1, 2048, 30000, 4, 11.72, run_yelp_seed.sh.551769.out, 
yelp, appnp_agp, 0.3, x(4), 62.93, 3, 20, 1e-08, 37.169, 331.683, 54.3222, 485.077, 0.01, 0.1, 2048, 30000, 4, 10.67, run_yelp_seed.sh.551769.out, 
yelp, appnp_agp, 0.3, x(4), 62.80, 4, 20, 1e-08, 37.4031, 334.265, 54.4394, 485.472, 0.01, 0.1, 2048, 30000, 4, 15.37, run_yelp_seed.sh.551769.out, 
yelp, appnp_agp, 0.5, x(4), 64.15, 1, 20, 1e-08, 26.0559, 232.399, 37.9085, 337.154, 0.01, 0.1, 2048, 30000, 4, 10.53, run_yelp_seed.sh.551769.out, 
yelp, appnp_agp, 0.5, x(4), 64.19, 2, 20, 1e-08, 26.2249, 234.028, 38.0166, 338.668, 0.01, 0.1, 2048, 30000, 4, 11.10, run_yelp_seed.sh.551769.out, 
yelp, appnp_agp, 0.5, x(4), 64.18, 3, 20, 1e-08, 26.24, 233.859, 37.6522, 336.481, 0.01, 0.1, 2048, 30000, 4, 10.77, run_yelp_seed.sh.551769.out, 
yelp, appnp_agp, 0.5, x(4), 64.25, 4, 20, 1e-08, 26.1295, 233.706, 38.1805, 340.886, 0.01, 0.1, 2048, 30000, 4, 11.30, run_yelp_seed.sh.551769.out, 
yelp, appnp_agp, 0.7, x(4), 64.98, 1, 20, 1e-08, 20.0341, 178.69, 28.7975, 255.854, 0.01, 0.1, 2048, 30000, 4, 11.43, run_yelp_seed.sh.551769.out, 
yelp, appnp_agp, 0.7, x(4), 65.03, 2, 20, 1e-08, 19.9247, 178.212, 28.6123, 254.122, 0.01, 0.1, 2048, 30000, 4, 11.68, run_yelp_seed.sh.551769.out, 
yelp, appnp_agp, 0.7, x(4), 65.00, 3, 20, 1e-08, 20.0322, 178.774, 28.3763, 253.153, 0.01, 0.1, 2048, 30000, 4, 11.57, run_yelp_seed.sh.551769.out, 
yelp, appnp_agp, 0.7, x(4), 65.01, 4, 20, 1e-08, 19.6622, 175.417, 28.8165, 255.922, 0.01, 0.1, 2048, 30000, 4, 11.49, run_yelp_seed.sh.551769.out, 
yelp, appnp_agp, 0.9, x(4), 65.29, 1, 20, 1e-08, 15.3385, 136.869, 21.7059, 193.482, 0.01, 0.1, 2048, 30000, 4, 12.41, run_yelp_seed.sh.551769.out, 
yelp, appnp_agp, 0.9, x(4), 65.38, 2, 20, 1e-08, 15.2299, 136.145, 21.5874, 192.176, 0.01, 0.1, 2048, 30000, 4, 11.71, run_yelp_seed.sh.551769.out, 
yelp, appnp_agp, 0.9, x(4), 65.40, 3, 20, 1e-08, 15.2942, 136.426, 21.3839, 190.991, 0.01, 0.1, 2048, 30000, 4, 10.74, run_yelp_seed.sh.551769.out, 
yelp, appnp_agp, 0.9, x(4), 65.42, 4, 20, 1e-08, 15.1687, 135.492, 21.4639, 191.79, 0.01, 0.1, 2048, 30000, 4, 11.60, run_yelp_seed.sh.551769.out, 
yelp, gdc_agp, x(0.9), 0.5, 64.57, 1, 20, 5e-07, 4.71645, 41.6006, 6.06117, 53.8128, 0.01, 0.1, 2048, 30000, 4, 16.12, run_yelp_seed_gdc.sh.551787.out, 
yelp, gdc_agp, x(0.9), 0.5, 64.72, 2, 20, 5e-07, 4.66318, 41.4126, 6.06822, 54.0321, 0.01, 0.1, 2048, 30000, 4, 19.35, run_yelp_seed_gdc.sh.551787.out, 
yelp, gdc_agp, x(0.9), 0.5, 64.63, 3, 20, 5e-07, 4.65458, 41.3581, 6.03693, 53.5741, 0.01, 0.1, 2048, 30000, 4, 18.42, run_yelp_seed_gdc.sh.551787.out, 
yelp, gdc_agp, x(0.9), 0.5, 64.73, 4, 20, 5e-07, 4.66733, 41.3115, 6.07007, 53.7343, 0.01, 0.1, 2048, 30000, 4, 12.93, run_yelp_seed_gdc.sh.551787.out, 
yelp, gdc_agp, x(0.9), 1.0, 63.14, 1, 20, 5e-07, 5.79079, 51.531, 7.55598, 67.4297, 0.01, 0.1, 2048, 30000, 4, 13.06, run_yelp_seed_gdc.sh.551787.out, 
yelp, gdc_agp, x(0.9), 1.0, 63.12, 2, 20, 5e-07, 5.76644, 51.1273, 7.62297, 67.5404, 0.01, 0.1, 2048, 30000, 4, 17.06, run_yelp_seed_gdc.sh.551787.out, 
yelp, gdc_agp, x(0.9), 1.0, 63.17, 3, 20, 5e-07, 5.79243, 51.2681, 7.55709, 67.392, 0.01, 0.1, 2048, 30000, 4, 19.01, run_yelp_seed_gdc.sh.551787.out, 
yelp, gdc_agp, x(0.9), 1.0, 63.16, 4, 20, 5e-07, 5.78533, 51.1613, 7.57075, 67.4532, 0.01, 0.1, 2048, 30000, 4, 16.82, run_yelp_seed_gdc.sh.551787.out, 
yelp, gdc_agp, x(0.9), 2.0, 59.38, 1, 20, 5e-07, 7.55575, 67.4507, 9.73038, 86.5631, 0.01, 0.1, 2048, 30000, 4, 15.09, run_yelp_seed_gdc.sh.551787.out, 
yelp, gdc_agp, x(0.9), 2.0, 59.23, 2, 20, 5e-07, 7.55782, 67.3771, 9.76624, 87.0942, 0.01, 0.1, 2048, 30000, 4, 18.69, run_yelp_seed_gdc.sh.551787.out, 
yelp, gdc_agp, x(0.9), 2.0, 59.37, 3, 20, 5e-07, 7.34359, 65.5671, 10.1497, 90.3952, 0.01, 0.1, 2048, 30000, 4, 13.20, run_yelp_seed_gdc.sh.551787.out, 
yelp, gdc_agp, x(0.9), 2.0, 59.45, 4, 20, 5e-07, 7.09779, 63.4187, 9.18685, 82.0376, 0.01, 0.1, 2048, 30000, 4, 13.00, run_yelp_seed_gdc.sh.551787.out, 
yelp, gdc_agp, x(0.9), 4.0, 52.47, 1, 20, 5e-07, 9.66692, 86.262, 12.2528, 109.051, 0.01, 0.1, 2048, 30000, 4, 21.72, run_yelp_seed_gdc.sh.551787.out, 
yelp, gdc_agp, x(0.9), 4.0, 52.62, 2, 20, 5e-07, 9.72146, 86.3978, 12.0899, 107.726, 0.01, 0.1, 2048, 30000, 4, 15.39, run_yelp_seed_gdc.sh.551787.out, 
yelp, gdc_agp, x(0.9), 4.0, 52.44, 3, 20, 5e-07, 9.639, 85.69, 12.2254, 108.11, 0.01, 0.1, 2048, 30000, 4, 20.36, run_yelp_seed_gdc.sh.551787.out, 
yelp, gdc_agp, x(0.9), 4.0, 52.42, 4, 20, 5e-07, 10.1467, 90.49, 12.746, 113.469, 0.01, 0.1, 2048, 30000, 4, 20.81, run_yelp_seed_gdc.sh.551787.out, 
yelp, gdc_agp, x(0.9), 8.0, 44.96, 1, 20, 5e-07, 13.8462, 123.496, 16.2009, 143.848, 0.01, 0.1, 2048, 30000, 4, 24.59, run_yelp_seed_gdc.sh.551787.out, 
yelp, gdc_agp, x(0.9), 8.0, 43.94, 2, 20, 5e-07, 13.8315, 123.29, 16.2245, 143.804, 0.01, 0.1, 2048, 30000, 4, 15.04, run_yelp_seed_gdc.sh.551787.out, 
yelp, gdc_agp, x(0.9), 8.0, 44.49, 3, 20, 5e-07, 13.7934, 122.973, 16.1871, 143.214, 0.01, 0.1, 2048, 30000, 4, 27.77, run_yelp_seed_gdc.sh.551787.out, 
yelp, gdc_agp, x(0.9), 8.0, 45.38, 4, 20, 5e-07, 13.68, 122.123, 16.2297, 144.186, 0.01, 0.1, 2048, 30000, 4, 39.70, run_yelp_seed_gdc.sh.551787.out, 
